varA,varB,varC,varD,varE,varF,label
-0.07,-0.547,-0.028,0.791,0.119,0.004,-1
0.073,3.632,-0.019,4.516,-0.071,0.135,-1
-0.41,0.608,-0.125,-0.182,-0.045,-0.062,-1
0.669,0.49,0.129,0.665,-0.05,0.211,-1
0.102,1.627,0.14,0.371,0.18,0.062,-1
-0.435,-0.069,0.107,0.41,-0.173,0.053,-1
0.057,-1.808,0.036,-0.496,0.13,0.144,-1
0.298,1.026,0.186,0.996,-0.022,-0.122,-1
-0.375,-1.638,-0.063,-0.936,-0.182,-0.069,-1
0.323,1.751,-0.137,0.624,0.053,-0.048,-1
0.439,1.477,0.111,2.198,0.222,-0.11,-1
0.037,3.338,-0.142,-1.121,-0.196,-0.061,-1
-0.385,3.955,-0.153,1.459,0.251,0.054,-1
0.271,-1.443,-0.095,-1.344,-0.11,-0.007,-1
-0.126,-1.074,-0.054,1.672,-0.296,0.116,-1
0.255,1.078,-0.047,-0.034,-0.17,0.013,-1
0.441,1.111,0.037,-0.275,-0.023,-0.05,-1
0.462,-1.322,-0.181,-0.389,-0.288,0.069,-1
0.507,-0.417,0.107,0.743,0.232,0.033,0
0.621,-1.616,0.177,2.078,-0.325,-0.055,2
0.267,2.818,-0.021,3.557,-0.353,0.014,-1
0.425,3.179,0.069,0.736,-0.016,-0.065,-1
0.452,8.277,0.056,-3.318,0.0,-0.128,-1
0.423,3.038,-0.131,1.137,0.097,-0.102,-1
-0.458,-0.549,-0.04,-0.693,0.229,0.047,1
0.199,0.873,0.085,1.207,-0.235,0.306,-1
-0.419,2.768,-0.165,-1.542,0.036,0.077,2
-0.661,1.947,-0.081,2.614,0.224,0.026,-1
0.126,-0.699,0.043,0.446,-0.04,0.021,-1
-0.34,0.858,0.029,0.472,0.286,-0.012,-1
-0.069,-0.264,0.034,-0.17,-0.16,-0.018,-1
-0.251,1.801,-0.173,0.283,-0.409,-0.046,-1
-0.233,0.592,-0.101,-0.884,-0.092,-0.058,-1
0.52,2.4,-0.038,0.558,0.211,-0.038,-1
-0.729,-2.17,0.135,1.702,0.057,-0.106,-1
-0.443,3.575,-0.143,1.397,-0.203,-0.002,-1
-0.717,-4.865,-0.119,4.042,0.13,0.164,-1
0.429,0.733,-0.041,0.447,0.294,0.014,-1
-0.45,2.818,0.17,0.645,-0.798,-0.147,-1
-0.161,-2.14,-0.027,1.635,-0.126,-0.196,-1
-0.187,2.121,0.026,2.746,-0.084,0.268,-1
-0.469,-1.913,-0.21,0.744,-0.214,0.04,-1
-0.491,0.698,-0.091,0.103,0.106,-0.043,-1
0.145,-5.833,0.007,4.435,-0.084,-0.1,-1
-0.202,0.571,0.012,0.188,0.096,0.047,-1
0.198,11.087,-0.068,-5.205,-0.087,0.054,-1
0.113,0.836,0.135,0.1,-0.034,-0.118,-1
-0.272,1.407,0.083,-0.516,-0.157,-0.073,-1
-0.026,1.231,0.159,1.504,-0.011,-0.121,-1
0.737,2.601,0.117,0.754,-0.144,-0.111,-1
0.916,1.383,0.002,-0.479,-0.156,0.0,-1
0.021,1.412,0.12,1.595,-0.373,-0.03,-1
0.095,3.093,-0.081,2.426,0.293,-0.049,-1
0.543,-2.161,0.033,-0.592,0.181,-0.112,-1
0.282,1.208,-0.064,-0.461,0.368,0.014,-1
-0.267,1.196,0.051,0.96,0.167,-0.146,-1
-0.445,0.511,0.033,0.796,-0.231,-0.098,-1
0.377,2.552,-0.109,-1.727,-0.026,-0.08,-1
-0.312,2.394,-0.047,-0.725,-0.263,0.03,-1
-0.021,1.361,-0.165,1.727,0.498,-0.037,-1
0.313,0.398,0.087,-0.492,0.136,0.07,-1
0.241,-1.065,-0.171,-0.582,-0.065,0.059,-1
-0.42,1.553,-0.05,0.402,-0.201,-0.188,-1
0.087,0.643,-0.006,1.371,0.187,-0.162,-1
-0.459,4.724,0.012,4.914,-0.067,0.072,-1
0.324,2.403,0.191,2.149,-0.052,0.086,-1
0.177,-0.238,0.018,-0.597,-0.247,-0.01,-1
0.057,1.323,0.042,0.816,-0.419,0.058,-1
-0.025,2.243,-0.043,0.84,0.031,-0.03,-1
-0.578,-2.596,-0.142,-0.688,-0.448,0.103,0
0.163,0.69,-0.216,0.251,0.277,-0.052,-1
-0.41,2.978,-0.007,0.769,0.296,-0.006,-1
-0.211,1.835,0.048,1.712,-0.19,-0.224,-1
0.156,1.737,0.034,-1.136,-0.006,-0.051,-1
-0.436,-0.639,0.016,1.302,0.414,0.05,-1
-0.051,2.476,0.027,0.514,0.043,0.049,-1
-0.082,4.045,-0.219,-1.467,0.097,0.043,-1
-0.593,-0.817,-0.047,1.019,-0.257,-0.179,-1
0.44,-0.277,-0.017,-0.412,-0.09,-0.035,-1
-0.456,2.604,0.015,-1.56,0.003,-0.158,-1
0.134,-0.07,0.137,0.708,0.351,-0.056,-1
0.756,0.282,0.163,-0.401,-0.072,0.027,-1
0.058,0.329,-0.023,0.661,0.176,-0.021,-1
0.249,2.49,0.235,3.026,0.162,-0.176,-1
-0.086,3.349,0.151,3.383,0.314,-0.118,-1
0.512,3.357,0.007,-1.587,0.308,0.109,-1
0.169,-0.99,-0.072,-0.391,-0.54,0.126,-1
-0.125,2.04,0.15,2.882,-0.202,-0.022,-1
-0.43,-0.606,-0.037,-1.129,-0.143,-0.011,-1
0.032,2.417,-0.036,-0.57,-0.044,0.003,-1
-0.257,-0.984,0.01,0.615,0.083,-0.007,-1
-0.659,0.593,-0.102,1.413,-0.058,0.078,-1
-0.239,4.687,0.121,-1.769,-0.142,0.066,-1
0.242,-0.015,-0.199,-0.452,0.163,-0.078,-1
-0.004,0.15,-0.193,-0.391,0.162,-0.237,-1
0.096,2.641,0.061,0.77,-0.041,-0.017,-1
-0.306,3.177,0.17,-1.202,0.376,-0.086,-1
0.2,2.11,0.052,2.792,-0.075,0.061,-1
-0.178,2.26,0.076,2.449,0.124,0.097,-1
-0.143,0.868,0.048,1.004,0.336,-0.114,-1
-0.143,-1.479,0.061,1.665,0.253,0.022,-1
-0.107,0.152,-0.131,-0.825,-0.441,-0.078,-1
0.435,0.045,0.093,1.007,0.353,0.03,-1
0.252,3.833,0.059,3.732,-0.109,0.089,-1
0.343,3.557,0.162,-2.001,-0.413,0.183,-1
0.349,1.69,0.073,0.267,0.148,-0.132,-1
-0.307,5.822,0.107,-2.754,-0.069,-0.211,-1
-0.079,0.669,-0.032,-0.388,-0.045,-0.032,-1
0.029,0.819,0.144,1.924,-0.131,-0.087,-1
0.083,0.284,0.162,0.82,-0.186,0.0,-1
0.075,-2.926,0.063,3.351,-0.256,-0.028,-1
-0.379,-0.387,0.19,-0.597,0.027,0.015,-1
0.449,-0.559,-0.012,0.125,0.157,-0.114,-1
0.461,3.776,0.117,-1.224,-0.473,0.071,-1
-0.289,2.507,0.154,2.602,-0.091,0.028,-1
-0.493,-0.212,0.002,1.742,0.146,0.277,-1
0.038,1.182,0.142,1.372,-0.333,-0.06,-1
-0.107,2.042,-0.003,0.728,0.257,0.009,-1
-0.214,-1.133,-0.082,-0.212,0.289,0.114,-1
-0.301,1.938,-0.092,0.407,0.416,0.07,-1
0.394,2.276,-0.0,0.582,0.179,0.144,-1
-0.175,0.728,0.105,-0.168,-0.071,-0.024,-1
0.971,0.755,-0.085,-0.151,0.283,0.228,1
0.25,0.821,0.197,1.194,-0.201,-0.108,-1
0.318,0.435,0.035,0.922,-0.193,0.137,-1
-0.197,1.03,0.06,0.145,-0.486,0.081,-1
-0.142,0.85,0.077,1.67,0.294,-0.117,-1
0.542,0.338,-0.226,1.919,0.052,-0.098,-1
-0.033,4.764,-0.018,-1.643,-0.3,0.002,-1
-0.785,3.856,-0.093,-1.678,-0.051,0.096,-1
0.602,2.265,0.199,0.604,0.041,0.051,-1
0.929,3.221,-0.18,3.292,-0.2,-0.036,-1
-0.425,4.247,-0.084,1.848,0.019,-0.068,-1
0.378,2.717,-0.185,3.257,0.044,0.139,0
0.047,-2.074,-0.02,2.017,-0.185,-0.044,-1
-0.084,0.313,-0.076,-0.643,0.289,0.032,-1
-0.017,-3.183,0.11,2.034,-0.17,0.09,-1
0.213,0.617,-0.01,1.838,0.632,0.053,-1
0.071,1.021,0.138,1.68,-0.142,0.084,-1
-0.066,4.576,-0.126,1.863,0.032,-0.059,-1
-0.089,2.353,-0.029,1.776,0.078,0.121,-1
0.434,0.224,0.127,0.986,0.298,0.057,-1
-0.578,2.392,0.005,0.891,-0.323,0.051,-1
0.419,1.9,0.14,2.45,-0.371,0.013,-1
-0.225,0.733,-0.122,0.314,-0.124,-0.055,-1
-0.205,2.702,0.029,-0.575,-0.57,-0.034,-1
-0.075,0.362,-0.073,0.6,0.03,-0.073,-1
0.385,4.922,0.055,4.185,0.505,0.06,-1
-0.185,1.478,-0.164,2.318,0.077,0.013,-1
-0.127,2.132,-0.079,0.473,-0.267,0.177,-1
-1.004,0.848,0.011,0.514,-0.22,0.113,-1
-0.53,-0.451,0.062,-0.665,-0.337,0.265,-1
-0.341,6.181,0.05,-3.101,-0.119,0.06,-1
-0.58,0.406,-0.06,1.402,-0.133,0.16,-1
0.456,2.868,0.034,-0.387,0.038,-0.037,-1
-0.095,-6.992,-0.221,3.873,0.038,0.001,-1
0.151,-1.869,-0.1,-1.45,0.328,-0.117,-1
-0.998,0.183,0.114,1.233,-0.283,0.026,-1
0.977,3.969,-0.14,1.697,0.289,-0.062,-1
-0.616,0.336,0.061,0.602,0.158,0.083,-1
-0.1,2.656,-0.04,0.702,0.434,-0.147,-1
-0.702,-1.519,-0.0,-1.477,0.239,-0.091,-1
0.024,-0.751,-0.089,0.227,0.205,0.212,-1
0.22,-2.378,-0.004,1.665,0.225,0.018,-1
0.476,-1.024,0.156,-0.975,0.035,0.083,-1
-0.217,2.267,-0.063,1.714,0.125,-0.183,-1
-0.591,-0.428,-0.073,-0.063,-0.357,0.009,-1
-0.273,0.42,0.134,-0.534,-0.026,0.1,-1
0.723,2.851,0.048,2.3,0.156,-0.036,-1
-0.105,2.467,-0.047,1.657,0.0,0.115,-1
-0.43,-0.329,0.079,-0.072,-0.194,-0.169,-1
0.213,-0.799,0.1,-0.907,0.182,0.105,-1
-0.036,1.821,0.038,0.865,0.127,0.162,-1
0.008,6.974,-0.069,-2.385,0.31,0.076,-1
-0.191,4.325,-0.083,1.384,0.026,0.008,-1
0.51,0.349,-0.151,1.528,-0.006,-0.073,-1
-0.111,2.805,0.099,-0.911,-0.091,0.072,-1
-0.215,-1.643,0.033,1.85,-0.272,0.123,-1
0.844,2.2,-0.105,-0.422,0.238,-0.062,-1
-0.049,-2.485,0.12,-0.718,0.196,-0.043,-1
0.153,2.617,0.085,0.653,0.133,-0.037,-1
-0.077,-0.202,-0.035,-0.175,0.081,-0.033,-1
-0.511,1.869,0.009,1.586,-0.206,0.229,-1
0.144,2.375,-0.059,0.608,0.114,0.094,-1
-0.372,3.136,0.036,2.955,-0.053,-0.093,0
0.028,0.53,-0.139,1.695,0.239,-0.073,-1
-0.389,0.509,0.002,-0.394,-0.015,0.022,-1
-0.52,1.177,-0.272,0.577,0.004,0.105,-1
-0.432,7.841,0.021,-3.95,-0.373,0.175,-1
0.532,2.846,0.051,3.261,-0.239,0.183,-1
-0.629,1.934,0.008,1.952,0.215,-0.167,-1
-0.001,1.542,-0.023,1.734,-0.338,-0.041,-1
0.182,2.061,0.015,2.258,-0.029,0.074,-1
0.013,-0.567,-0.123,0.247,0.349,0.081,-1
-0.04,-0.385,-0.057,1.911,0.457,-0.061,-1
0.433,-2.823,-0.021,2.488,-0.002,0.03,-1
0.094,1.883,0.029,0.335,-0.341,-0.052,-1
-0.2,1.926,-0.106,0.385,0.056,-0.133,-1
-0.25,-1.455,0.092,-1.292,-0.004,0.092,-1
-0.274,1.459,-0.106,1.299,-0.221,-0.049,-1
-0.146,1.854,-0.089,0.202,0.116,-0.047,-1
-0.306,0.485,-0.02,0.711,0.377,0.007,-1
-0.243,-2.463,-0.085,-1.739,0.224,-0.223,-1
0.185,-0.002,-0.051,0.191,0.347,0.002,-1
0.3,0.382,0.016,1.782,-0.053,-0.074,-1
-0.191,1.717,-0.013,0.209,0.134,-0.013,-1
0.153,2.982,0.131,0.972,0.287,-0.148,-1
-0.145,0.94,0.028,-0.139,-0.3,-0.111,-1
-0.533,1.373,0.03,1.975,-0.106,0.118,-1
-0.106,2.758,-0.078,0.865,0.284,0.167,-1
-0.374,2.878,-0.049,-0.109,0.338,-0.015,-1
-0.125,1.464,-0.111,2.493,0.034,-0.058,-1
-0.23,0.802,-0.054,-0.205,-0.255,-0.005,-1
0.18,1.065,0.066,1.936,0.241,0.012,-1
0.587,2.985,-0.047,1.276,-0.059,0.06,-1
0.504,-2.909,0.038,1.813,0.148,0.151,-1
-0.091,1.42,0.074,0.546,-0.034,0.079,-1
0.113,0.038,-0.058,-0.604,0.168,-0.025,-1
0.575,6.398,-0.054,-2.128,0.276,-0.022,-1
0.454,1.25,0.016,1.463,0.188,0.062,-1
-0.126,-5.446,-0.012,3.375,-0.133,0.194,-1
-0.282,1.39,-0.114,1.283,0.071,0.162,0
-0.249,-0.146,-0.012,0.708,-0.212,-0.259,-1
0.023,1.003,-0.101,1.864,-0.249,-0.015,-1
0.286,-1.972,0.018,-1.593,0.114,-0.072,-1
0.577,1.783,-0.186,1.295,-0.137,0.02,-1
0.383,0.338,-0.165,0.709,0.28,-0.009,-1
0.324,-0.353,0.01,1.726,-0.079,0.036,-1
-0.459,1.755,0.031,2.089,-0.28,0.052,0
0.239,1.698,0.041,1.671,0.141,-0.008,-1
0.127,0.377,-0.169,0.068,-0.088,-0.07,-1
0.944,6.654,-0.115,-3.211,0.35,-0.15,-1
0.029,-0.728,-0.127,-1.069,0.268,0.151,-1
-0.095,-0.282,-0.206,1.465,-0.339,0.009,-1
-0.198,-1.791,-0.013,-0.915,-0.182,0.193,-1
0.169,0.672,0.055,-0.167,0.001,0.082,-1
0.45,0.713,-0.003,1.253,0.143,-0.023,-1
0.011,-0.844,-0.011,1.642,0.574,0.038,-1
-0.038,-1.283,-0.076,1.478,-0.172,-0.061,-1
0.599,4.427,0.012,-1.814,0.283,-0.021,-1
-0.198,-0.536,-0.006,0.053,0.404,0.184,-1
-0.469,2.148,-0.028,-0.364,0.052,-0.033,-1
0.107,-1.166,-0.106,1.296,-0.175,0.215,-1
0.616,1.75,-0.096,-0.029,0.21,-0.003,-1
0.352,2.378,-0.077,2.507,0.046,0.114,-1
-0.357,1.433,0.137,1.887,0.056,-0.054,-1
0.047,-3.434,0.022,3.383,-0.12,0.143,-1
0.125,3.188,0.025,0.761,-0.095,-0.077,-1
0.29,-0.449,-0.091,0.925,-0.039,0.162,-1
0.214,3.741,-0.009,1.064,-0.282,-0.01,-1
-0.11,4.866,-0.041,-1.436,-0.087,0.005,-1
-0.022,0.985,0.008,-0.394,0.019,-0.086,-1
-0.078,5.015,-0.018,2.032,0.04,0.042,-1
0.212,-1.041,-0.091,-0.398,0.244,0.077,-1
0.247,2.09,-0.016,0.526,-0.235,-0.109,-1
0.461,-2.596,0.105,1.394,-0.162,-0.109,2
-0.223,3.831,-0.108,0.895,-0.202,0.075,-1
-0.055,0.407,-0.127,1.354,-0.278,-0.168,-1
0.045,1.483,0.168,2.271,0.407,-0.068,-1
0.052,0.937,-0.028,-0.93,0.037,-0.004,-1
0.025,-1.49,0.026,2.105,0.321,0.037,-1
-0.05,-0.239,-0.236,0.301,-0.184,-0.003,-1
-0.836,4.206,-0.025,1.674,0.054,0.126,-1
-0.708,-2.51,0.115,-1.8,-0.228,-0.06,-1
-0.149,2.503,-0.015,0.711,-0.143,-0.049,-1
0.175,1.593,-0.133,2.412,-0.024,0.098,-1
-0.369,-1.258,-0.01,0.063,-0.314,0.193,-1
-0.061,-1.223,-0.171,0.727,0.214,-0.026,-1
-0.116,1.967,0.068,2.504,0.003,0.056,-1
-0.662,-5.255,-0.165,3.346,-0.162,-0.157,-1
-0.302,-0.752,-0.021,-0.222,-0.409,0.007,-1
-0.221,0.527,-0.016,-0.225,0.203,0.015,-1
-0.122,3.037,-0.034,0.897,0.262,0.09,-1
0.756,-0.866,-0.118,1.537,0.603,-0.004,-1
0.093,-1.449,0.015,1.518,0.309,-0.061,-1
-0.151,-0.852,-0.085,1.129,-0.02,0.151,-1
0.135,1.322,0.107,-0.029,-0.182,-0.072,-1
-0.652,3.423,-0.29,0.858,0.017,0.047,-1
0.402,-0.061,0.163,0.736,-0.182,-0.024,-1
-0.859,-1.293,-0.038,0.057,-0.18,-0.125,-1
-0.717,0.963,0.195,-0.688,0.225,-0.09,-1
-0.598,2.82,-0.01,-0.6,-0.242,-0.059,-1
-0.502,-3.665,0.029,2.988,0.187,-0.111,-1
0.289,3.373,0.026,-0.778,0.035,-0.066,-1
-0.313,3.002,-0.014,1.106,-0.106,-0.034,-1
-0.215,-0.465,0.081,1.079,-0.092,-0.068,-1
-0.283,0.281,0.165,0.081,-0.14,-0.124,-1
0.112,1.531,-0.114,2.018,0.368,0.003,-1
0.039,-6.462,0.139,4.846,-0.095,-0.017,-1
-0.654,2.111,0.105,0.234,0.225,-0.059,-1
-0.177,0.987,0.093,-0.057,0.26,0.16,-1
0.16,0.489,-0.02,0.977,0.207,-0.18,-1
0.065,1.575,0.032,3.374,-0.472,-0.008,-1
0.007,0.162,-0.115,0.775,-0.264,-0.011,-1
-0.229,0.422,0.065,1.357,-0.098,0.028,-1
0.393,0.257,0.186,-0.674,0.412,-0.249,-1
0.037,0.543,-0.012,1.183,0.095,-0.181,-1
0.153,-0.272,-0.05,0.919,0.019,0.105,-1
-0.368,-0.287,0.089,0.645,0.102,0.111,-1
-0.154,4.297,0.058,1.522,0.269,0.037,-1
-0.237,0.612,-0.09,1.706,-0.335,0.122,-1
0.122,4.293,0.076,-1.398,0.319,0.132,-1
0.134,6.217,-0.054,-2.179,0.26,-0.046,2
-0.142,0.102,-0.01,1.233,0.186,-0.006,-1
-0.528,0.397,-0.075,1.38,-0.016,0.023,-1
-0.833,1.894,0.112,0.415,-0.238,0.092,-1
-0.289,2.055,-0.032,0.669,0.24,0.026,-1
-0.048,-7.165,-0.08,4.46,0.239,0.053,-1
-0.177,1.192,0.031,-0.18,-0.051,0.118,-1
0.227,0.581,0.02,0.444,-0.306,0.034,-1
-0.187,0.347,0.012,1.914,0.023,-0.059,-1
-0.205,0.646,0.109,1.557,0.179,0.14,-1
0.592,4.087,-0.106,3.902,-0.209,-0.034,-1
0.146,3.202,-0.115,4.06,0.448,0.124,-1
0.269,0.103,0.064,-0.139,0.216,-0.137,-1
0.076,1.05,0.008,0.091,0.125,-0.082,-1
-0.203,1.359,0.086,1.343,-0.111,-0.037,-1
0.001,0.736,-0.124,0.22,0.113,-0.088,2
0.557,0.632,-0.051,0.499,0.055,-0.004,2
-0.392,1.004,0.087,1.35,0.075,-0.019,-1
0.189,1.763,0.029,0.406,-0.012,0.049,-1
0.057,1.744,-0.093,0.286,-0.138,-0.028,-1
0.516,4.827,-0.114,1.814,0.323,-0.126,-1
0.75,1.998,0.103,0.525,0.233,-0.011,1
0.463,2.832,0.109,3.049,-0.262,0.079,-1
-0.069,-1.446,0.013,1.172,0.366,-0.137,-1
-0.654,4.131,0.107,1.343,0.032,-0.011,-1
-0.337,1.989,-0.013,0.526,0.056,0.072,1
-0.364,3.551,0.145,-2.851,0.067,-0.03,2
0.266,0.273,0.163,1.073,-0.059,0.043,-1
-0.261,1.045,0.022,-0.411,0.001,0.086,-1
-0.15,0.676,-0.051,-0.358,-0.068,-0.05,2
-0.171,2.158,-0.025,0.842,0.007,0.01,-1
-0.451,1.874,-0.034,2.229,0.174,0.014,-1
0.467,0.079,0.178,-0.309,-0.185,0.055,-1
0.518,2.19,-0.02,2.149,0.034,0.001,-1
0.511,2.043,0.137,0.028,0.222,0.023,-1
0.657,1.433,-0.116,0.672,-0.176,-0.067,-1
-0.333,2.643,-0.125,-0.417,-0.064,0.104,-1
-0.214,2.049,-0.117,0.536,-0.058,0.001,-1
0.629,-2.036,0.167,1.1,0.161,-0.057,-1
-0.515,1.214,0.064,1.072,-0.074,0.12,-1
0.228,1.927,-0.06,-0.976,-0.347,-0.006,-1
-0.557,-4.163,-0.001,2.87,0.665,-0.059,-1
0.664,-1.2,-0.023,1.691,-0.039,-0.137,-1
0.107,2.146,0.037,0.544,0.532,0.056,-1
-0.408,-1.347,-0.08,-0.734,-0.219,0.211,-1
-0.263,4.504,-0.032,-1.688,0.047,0.04,-1
0.212,0.224,-0.123,-0.486,-0.222,0.02,-1
-0.478,-2.991,0.093,-0.781,0.248,0.156,-1
-0.446,1.832,0.09,-0.087,-0.162,-0.074,-1
-0.248,3.089,-0.127,-1.328,-0.071,0.027,-1
0.165,4.449,-0.048,1.682,-0.359,0.096,-1
0.488,0.964,-0.04,1.14,-0.03,0.059,0
-0.035,-0.475,0.049,1.086,0.136,-0.056,-1
-0.176,1.057,0.013,-0.381,0.45,0.098,-1
0.014,-1.016,0.02,1.101,-0.488,0.211,-1
-0.3,-0.881,0.003,0.18,-0.021,0.159,-1
0.155,-0.097,0.013,0.415,-0.26,0.036,-1
0.008,0.053,0.019,1.423,0.184,-0.062,-1
-1.178,-1.574,-0.055,2.185,0.48,0.203,-1
-0.063,-2.426,0.058,-2.313,0.094,-0.066,-1
0.095,-1.113,0.118,-0.557,0.159,-0.126,-1
0.297,-1.613,0.026,-0.922,-0.048,-0.103,-1
0.189,0.954,-0.04,-0.092,0.327,0.003,-1
0.009,-2.887,0.005,1.5,0.259,-0.033,-1
-1.245,-1.418,0.121,0.983,-0.081,0.117,-1
-0.039,-0.305,-0.151,1.109,-0.016,0.145,-1
-0.279,-2.896,-0.088,-1.1,-0.454,-0.039,-1
-0.02,-5.765,0.215,4.655,-0.18,-0.204,-1
-0.038,-0.687,-0.086,0.362,0.38,-0.026,-1
0.252,2.019,-0.006,0.27,-0.162,0.116,-1
-0.528,1.936,-0.036,2.303,-0.082,0.087,-1
-0.357,3.407,-0.003,-0.921,0.163,-0.02,-1
-0.649,1.19,0.101,-0.11,-0.091,0.015,-1
0.019,4.285,-0.081,-1.498,-0.2,-0.145,-1
0.094,1.992,-0.02,2.13,0.045,0.059,-1
-0.059,1.17,-0.081,0.05,0.071,0.039,-1
0.018,-0.458,0.234,0.389,0.026,0.062,-1
-0.242,1.471,-0.068,2.115,-0.066,0.027,-1
-0.398,-2.284,-0.137,0.291,-0.618,-0.031,-1
-0.203,1.28,0.004,2.687,0.623,0.114,-1
-0.172,1.295,0.087,0.192,-0.076,-0.024,-1
0.222,0.718,-0.074,1.581,0.107,-0.08,-1
0.458,1.229,0.017,2.668,-0.112,-0.063,-1
-0.161,-0.398,0.02,0.687,0.18,-0.017,-1
-0.263,2.062,-0.101,2.192,-0.001,-0.066,-1
-0.097,1.51,0.121,3.026,-0.104,0.038,-1
-0.523,3.215,0.038,2.734,-0.216,0.06,-1
-0.309,1.847,-0.09,0.194,0.32,-0.186,-1
0.043,-3.12,-0.042,2.132,0.101,0.1,-1
0.338,0.031,0.01,0.648,0.208,0.081,-1
-0.432,-1.65,0.065,-0.624,-0.018,-0.086,0
-0.191,0.039,-0.005,1.3,0.515,0.089,-1
0.368,0.77,-0.037,2.107,-0.044,0.019,-1
0.148,1.942,-0.029,1.751,-0.334,0.128,-1
0.838,-0.151,-0.126,-0.04,0.246,-0.04,-1
0.186,2.905,0.153,0.484,-0.22,0.067,-1
0.402,-0.658,0.048,0.032,-0.272,-0.015,-1
0.199,-1.341,0.08,-1.237,-0.078,0.083,-1
0.084,0.615,0.103,-0.602,-0.174,-0.283,-1
-0.211,-0.747,-0.207,-0.055,0.105,-0.224,-1
-0.194,0.832,0.204,1.552,-0.222,-0.096,-1
0.055,0.84,0.186,0.606,0.02,-0.034,-1
1.146,2.088,-0.067,0.557,-0.211,-0.24,-1
0.119,1.847,-0.163,1.936,-0.17,0.052,-1
-0.065,1.177,-0.098,-0.197,0.323,0.129,-1
-0.118,-1.075,-0.017,0.906,0.014,0.028,-1
-0.211,0.736,0.079,1.002,0.01,0.049,-1
0.253,2.329,-0.047,0.552,-0.383,-0.021,1
-0.939,1.731,-0.183,0.353,0.003,-0.126,-1
0.187,0.473,0.051,-0.224,0.056,0.09,-1
-0.178,4.287,-0.026,3.559,0.22,0.206,-1
-0.332,-0.396,-0.084,1.374,0.362,-0.052,-1
-0.006,-3.354,-0.066,-2.003,0.103,0.083,-1
-0.084,2.345,-0.033,2.814,0.031,-0.199,-1
0.357,-0.212,-0.127,0.184,-0.456,-0.125,-1
0.054,0.01,0.031,2.022,-0.166,-0.005,-1
-0.166,-3.855,-0.077,2.431,0.381,0.065,-1
0.587,-0.879,0.174,-0.43,-0.416,0.022,-1
0.033,3.156,0.049,2.698,-0.177,-0.003,-1
0.458,-1.432,0.063,-1.168,0.108,-0.121,-1
-0.19,1.133,-0.128,0.522,0.075,0.013,-1
0.306,3.179,0.006,0.478,0.169,0.119,-1
0.184,-5.094,0.003,3.849,0.018,-0.102,-1
0.094,4.598,0.234,1.578,0.155,-0.001,-1
-0.469,1.431,0.075,0.048,-0.176,-0.166,-1
-0.124,-1.969,-0.065,2.09,-0.012,-0.083,-1
0.224,-0.068,-0.034,-0.009,0.125,0.043,-1
0.015,2.381,0.058,3.583,-0.107,-0.056,-1
0.24,1.718,-0.042,0.647,0.046,0.12,-1
0.303,2.337,-0.01,0.131,-0.293,0.042,-1
-0.015,0.962,0.012,0.035,-0.28,0.001,-1
-0.734,0.459,0.255,2.525,-0.212,0.14,-1
-0.377,0.824,-0.115,0.25,0.328,-0.1,-1
-0.783,1.788,0.155,2.229,0.11,0.023,-1
-0.299,1.318,0.099,2.299,0.061,-0.062,-1
-0.305,4.877,-0.023,-1.293,-0.214,-0.152,-1
0.166,1.965,-0.059,0.394,0.063,-0.016,-1
0.38,1.583,-0.171,1.111,0.025,0.139,-1
0.275,2.338,0.076,3.507,-0.186,0.081,0
-0.321,0.669,0.003,1.116,-0.138,0.033,-1
-0.154,-1.054,0.132,0.856,0.106,-0.047,-1
0.202,1.541,-0.074,0.249,0.096,-0.087,1
0.841,0.797,0.068,1.492,-0.191,0.017,-1
0.601,2.866,-0.003,1.221,-0.072,0.051,-1
0.333,0.594,0.031,0.645,-0.096,0.082,-1
-0.208,-2.184,-0.153,-0.108,-0.196,-0.04,-1
0.233,2.911,-0.197,0.988,0.111,0.029,-1
-0.291,0.713,-0.066,-0.24,-0.087,-0.087,-1
-0.23,0.758,0.036,1.061,0.087,-0.161,-1
0.803,-0.473,0.051,1.123,0.267,-0.109,-1
0.232,-3.082,0.068,3.785,0.066,0.136,-1
0.313,0.664,0.112,1.567,0.144,-0.172,-1
-0.261,1.802,-0.039,1.953,0.483,0.056,-1
0.291,4.659,0.028,-2.16,-0.197,-0.017,-1
-0.57,2.456,0.097,0.603,0.458,-0.144,-1
-0.099,3.162,-0.018,2.805,-0.236,-0.045,-1
0.249,-3.479,0.018,2.537,-0.017,0.113,-1
-0.612,1.57,-0.182,0.044,0.294,-0.018,-1
-0.382,-2.795,-0.03,2.355,0.219,-0.067,-1
0.165,0.436,-0.074,0.603,0.081,0.091,-1
-0.096,-3.303,0.1,2.525,0.063,-0.002,-1
-0.06,0.675,0.062,0.505,0.273,-0.091,-1
0.155,2.522,0.127,1.861,-0.199,-0.16,-1
-0.133,-0.263,-0.063,0.421,-0.166,0.004,-1
-0.09,0.742,-0.242,0.983,0.154,0.08,-1
-0.699,-2.377,0.107,-1.23,-0.027,0.144,-1
-0.137,0.436,-0.016,1.296,0.107,0.002,-1
-0.199,4.702,0.066,5.044,0.165,-0.015,-1
0.009,1.876,-0.04,0.788,-0.259,0.038,-1
-0.135,2.461,0.218,-0.32,0.262,-0.148,-1
0.173,1.846,-0.063,1.456,0.015,-0.081,-1
-0.326,-3.855,0.031,2.78,0.001,0.059,-1
0.079,-1.092,0.091,-0.21,-0.32,-0.028,0
0.223,0.826,0.088,0.956,-0.152,-0.105,-1
0.26,-2.341,-0.098,2.253,-0.737,0.078,-1
-0.065,0.076,-0.146,-0.719,-0.315,0.079,-1
0.159,-1.096,-0.26,-0.988,-0.167,-0.095,-1
-0.158,1.838,0.022,0.245,0.163,-0.014,-1
0.76,1.985,-0.01,0.573,0.321,0.101,-1
-0.536,0.778,-0.015,0.152,-0.475,-0.027,-1
-0.005,4.489,0.096,-0.714,0.093,0.083,-1
0.033,-0.555,-0.053,-0.691,0.099,-0.029,-1
-0.995,3.053,0.062,0.881,0.284,0.104,-1
0.016,0.499,0.053,1.059,-0.33,0.097,-1
0.535,3.317,-0.141,2.936,-0.15,0.014,-1
0.459,-2.11,0.158,1.584,0.123,0.062,-1
0.279,2.691,0.03,-0.51,-0.151,-0.176,-1
-0.463,10.095,-0.079,-4.395,0.432,0.086,-1
-0.096,1.468,-0.042,0.468,0.106,-0.042,-1
-0.26,0.351,0.061,1.477,-0.16,-0.078,-1
-0.236,3.2,0.002,2.118,-0.092,0.054,-1
-0.083,0.474,0.033,1.696,0.111,0.13,-1
-0.219,-0.194,-0.003,0.001,0.106,-0.092,-1
0.246,-1.923,-0.134,2.404,-0.122,0.073,-1
0.645,4.099,0.113,1.101,0.394,-0.118,-1
0.551,8.678,0.105,-2.267,0.185,0.005,-1
-0.699,5.379,0.021,-2.267,0.096,-0.025,-1
0.767,0.473,-0.045,0.262,-0.103,0.009,-1
-0.463,5.082,-0.048,4.722,0.474,-0.108,-1
0.003,2.203,0.03,2.712,0.202,0.204,-1
-0.319,7.153,-0.038,-3.062,0.525,-0.023,-1
-0.578,-0.024,0.022,1.179,-0.082,-0.088,-1
0.441,0.758,-0.144,-0.015,0.117,-0.033,-1
0.616,-0.867,-0.017,0.403,0.018,-0.138,-1
0.07,0.195,0.086,-0.042,0.023,-0.105,-1
-0.087,-0.252,-0.078,-0.039,-0.225,-0.118,-1
-0.032,-0.417,0.199,0.921,-0.012,-0.125,-1
0.233,-3.287,0.149,2.473,0.084,-0.047,-1
0.078,0.025,0.095,0.797,-0.071,-0.146,-1
0.507,3.135,-0.032,3.928,0.018,0.132,-1
-0.733,3.498,0.16,3.446,0.425,-0.122,-1
0.407,1.925,-0.168,1.921,-0.026,-0.162,-1
-0.104,2.337,-0.039,0.779,0.06,-0.001,-1
-0.268,3.17,-0.159,2.503,0.333,-0.045,-1
-0.276,-0.694,0.016,0.844,0.009,-0.239,-1
0.448,-0.227,0.128,0.26,0.108,-0.047,-1
-0.412,0.22,-0.015,1.024,0.014,-0.112,-1
-0.219,-0.552,-0.172,-0.587,-0.051,0.142,-1
-0.204,1.527,-0.118,1.452,0.283,0.2,-1
0.108,0.455,-0.054,0.976,0.151,-0.031,-1
-0.062,2.208,-0.059,3.017,-0.485,0.055,0
0.894,1.957,0.037,0.631,0.307,-0.026,-1
-0.685,0.61,0.013,1.678,-0.032,0.014,-1
0.137,1.827,-0.022,1.833,-0.068,0.064,-1
-0.238,2.134,-0.162,2.464,0.136,-0.103,-1
-0.122,1.944,-0.137,-0.893,0.024,0.033,-1
-0.021,1.791,-0.038,0.24,0.051,-0.033,-1
0.491,-2.7,-0.125,1.249,0.742,0.028,-1
0.044,2.225,0.049,0.707,-0.299,-0.003,-1
-0.862,0.481,-0.09,1.499,-0.398,-0.051,-1
0.367,1.793,-0.19,2.131,-0.141,-0.019,-1
-0.277,0.409,-0.156,1.128,-0.094,0.018,-1
-0.218,-0.567,-0.078,-0.772,-0.339,0.036,-1
-0.83,-0.595,0.085,-0.133,0.163,0.005,-1
0.607,2.341,0.282,-1.593,-0.079,-0.17,-1
0.703,0.145,-0.017,-0.28,-0.001,-0.059,-1
-0.478,3.275,0.038,-0.859,0.459,-0.217,-1
-0.026,-0.219,-0.012,-0.183,-0.31,0.033,-1
0.111,2.309,-0.078,0.613,-0.227,0.026,-1
0.02,4.262,0.156,-0.987,-0.034,-0.084,2
0.697,1.065,-0.065,0.97,0.447,-0.095,-1
-0.67,1.317,0.031,2.064,0.161,0.177,0
-0.653,-2.289,0.066,-1.083,-0.35,0.187,-1
-0.616,-0.088,-0.006,0.776,-0.449,0.042,-1
-0.338,1.726,-0.091,1.585,-0.216,-0.246,-1
-0.3,1.651,0.108,2.058,-0.297,0.096,-1
-0.523,0.17,-0.016,-0.409,-0.18,-0.093,-1
0.127,3.844,-0.136,3.563,0.117,0.177,0
0.298,2.959,0.01,0.402,-0.396,-0.045,1
0.373,4.164,-0.139,1.202,-0.034,-0.169,1
0.271,-0.886,-0.139,-0.996,0.264,-0.038,-1
0.452,2.531,0.102,3.203,-0.599,0.031,-1
0.795,0.452,-0.199,1.353,-0.044,-0.11,-1
-0.974,-3.292,-0.078,-2.038,0.024,0.047,-1
-0.045,-6.999,-0.165,3.958,0.261,0.021,-1
-0.151,1.766,0.051,1.768,0.039,-0.106,-1
-0.044,-0.332,0.1,-0.643,0.061,-0.09,-1
-0.215,1.087,0.075,2.335,-0.038,-0.054,-1
1.099,0.386,-0.084,1.185,0.326,0.179,-1
0.793,1.23,-0.035,1.382,-0.07,-0.04,-1
0.471,2.382,0.097,0.677,-0.264,-0.172,-1
-0.47,-1.44,0.013,-1.043,0.169,-0.053,-1
0.098,1.443,0.173,0.22,0.53,-0.059,-1
-0.509,4.617,0.324,1.819,0.145,0.08,-1
-0.292,3.105,0.0,1.026,-0.026,-0.038,-1
-0.443,-6.194,0.029,3.999,0.109,0.023,-1
0.385,5.032,0.009,-3.009,-0.199,0.176,-1
0.063,2.77,0.05,2.708,0.225,-0.122,-1
0.117,2.573,-0.028,2.312,-0.246,0.056,-1
-0.569,0.78,-0.066,1.028,-0.344,-0.058,-1
-0.725,1.227,0.11,2.247,-0.283,0.023,-1
0.052,-0.685,0.079,-0.204,0.217,-0.013,-1
-0.029,-0.341,-0.164,-0.649,-0.027,-0.029,-1
-0.21,2.551,-0.004,-1.136,-0.169,-0.191,2
-0.275,0.954,0.015,0.417,-0.148,-0.102,-1
-0.272,2.87,0.059,3.673,0.199,0.097,-1
-0.106,3.946,-0.035,3.94,0.311,0.057,-1
-0.852,0.375,0.086,0.924,0.18,0.039,-1
0.45,0.75,0.1,1.253,0.424,0.279,-1
0.585,0.25,0.232,0.633,-0.218,-0.004,-1
0.289,2.398,-0.113,0.868,-0.082,0.053,-1
0.252,0.715,-0.083,1.237,-0.257,0.13,-1
0.281,3.28,-0.044,3.403,0.013,-0.048,-1
0.086,3.319,-0.13,3.067,-0.184,-0.009,-1
-0.051,3.219,0.003,2.826,0.096,0.025,-1
0.267,1.249,0.165,2.137,0.169,0.023,-1
0.237,-1.088,0.018,1.901,0.122,-0.073,-1
-0.131,-0.15,-0.117,0.968,-0.209,0.106,-1
-0.362,0.952,-0.076,0.213,-0.368,-0.045,-1
-0.322,-1.436,0.046,1.465,-0.049,-0.077,-1
0.361,0.135,-0.144,0.373,-0.198,-0.025,-1
0.012,0.758,-0.1,1.402,-0.281,-0.124,-1
0.011,-0.083,-0.283,-0.023,-0.513,-0.015,-1
0.504,-2.113,-0.036,-2.108,0.31,0.087,-1
-0.186,-0.891,-0.072,-0.95,0.076,-0.057,-1
-0.167,1.591,-0.148,0.422,-0.402,0.011,-1
-0.737,3.392,-0.131,-1.1,-0.087,0.171,-1
0.27,-0.459,-0.134,0.215,0.537,-0.094,-1
-0.354,1.659,0.019,1.761,-0.175,-0.01,-1
0.5,1.217,0.112,2.222,-0.25,-0.002,-1
0.373,-0.997,-0.004,1.984,-0.431,-0.158,2
-0.194,-0.581,-0.148,-0.896,-0.303,-0.137,-1
0.034,0.543,0.205,0.999,0.379,-0.121,-1
0.821,2.169,-0.05,2.231,-0.385,-0.093,-1
-0.413,1.946,0.142,0.912,-0.111,-0.288,-1
0.177,1.01,-0.17,-0.331,0.046,0.096,-1
-0.275,5.97,-0.046,2.875,0.251,-0.002,-1
0.388,-0.666,0.079,-1.011,0.424,-0.106,-1
-0.324,0.405,0.066,0.996,0.089,0.05,-1
0.149,-0.778,0.051,0.942,-0.294,-0.084,-1
0.01,2.241,-0.18,2.255,-0.535,-0.04,-1
0.288,0.717,-0.039,1.08,0.083,-0.099,-1
0.101,3.016,0.015,1.005,0.488,0.036,-1
-0.106,5.288,-0.077,2.142,0.574,-0.077,-1
-0.03,1.044,-0.104,-0.299,0.009,0.091,-1
0.308,0.103,-0.092,1.2,0.16,-0.102,-1
-0.121,-0.715,0.067,0.932,0.343,-0.023,-1
0.172,9.266,-0.075,-4.481,-0.173,-0.035,-1
-0.331,3.82,0.088,-1.754,0.074,-0.055,-1
-0.234,0.979,0.013,0.824,0.312,-0.069,-1
0.327,1.633,0.207,-0.708,0.166,-0.109,-1
-0.058,1.95,-0.082,0.359,-0.001,0.098,-1
0.153,2.233,-0.143,0.114,0.287,-0.034,-1
0.053,3.47,-0.054,3.125,-0.308,0.072,-1
0.068,3.129,-0.028,1.164,-0.096,0.093,-1
-0.164,0.915,0.03,1.621,0.234,0.062,-1
-0.629,-3.122,-0.012,-2.14,0.502,0.082,-1
-0.005,-1.95,-0.06,1.868,-0.416,0.19,-1
0.598,3.131,0.091,0.883,0.15,-0.143,-1
-0.687,0.716,-0.198,0.702,-0.088,-0.046,-1
0.119,3.619,0.04,1.217,0.504,-0.139,-1
0.011,1.031,-0.026,1.327,0.302,0.034,-1
-0.481,-4.813,0.17,3.136,-0.001,0.157,-1
-0.369,2.13,0.097,-0.474,-0.16,-0.052,-1
-0.697,-0.944,-0.088,1.182,-0.31,0.092,-1
0.28,3.283,0.036,3.602,0.356,-0.103,-1
-0.058,2.907,0.004,0.946,-0.156,-0.036,-1
0.367,0.229,0.049,0.311,-0.056,0.055,-1
0.087,-5.073,0.057,4.662,-0.34,-0.167,-1
-0.082,0.303,-0.233,0.787,-0.118,-0.015,-1
-0.239,-1.776,0.052,1.753,-0.015,0.141,-1
0.364,0.609,-0.097,0.824,-0.106,-0.06,-1
0.013,2.493,0.09,-0.56,-0.392,-0.104,2
-0.198,2.132,0.114,0.29,0.148,-0.168,-1
0.25,0.873,0.151,-0.199,-0.135,-0.037,-1
-0.058,1.434,-0.033,0.296,-0.497,0.099,-1
1.087,3.494,-0.114,-1.565,0.147,0.039,-1
-0.108,0.948,-0.206,1.807,0.057,-0.1,-1
-0.545,-0.894,0.141,0.688,-0.205,0.019,-1
0.692,0.801,0.054,0.159,0.113,-0.078,-1
-0.663,0.231,-0.11,-0.025,0.192,0.018,-1
-0.482,4.045,-0.042,3.215,0.012,0.021,-1
0.216,0.768,0.131,1.345,-0.249,0.129,-1
0.224,1.031,0.007,2.128,-0.446,-0.141,-1
0.34,-0.255,-0.02,0.027,0.12,0.001,-1
-0.171,2.999,0.058,0.481,0.089,0.108,-1
-0.085,3.947,0.048,1.099,0.211,-0.101,-1
-0.201,-0.643,-0.09,1.138,-0.781,0.12,-1
-0.59,3.659,0.074,1.201,0.148,0.043,-1
-0.419,0.287,-0.098,1.814,-0.172,-0.01,-1
-0.053,1.945,0.166,0.114,0.292,0.048,-1
0.539,6.108,0.07,-1.916,-0.717,-0.109,-1
0.221,0.489,-0.129,-0.621,0.121,-0.003,-1
0.277,2.497,-0.004,2.361,0.25,0.046,-1
-0.525,2.325,-0.115,2.871,-0.156,0.004,-1
0.142,0.966,-0.037,-0.088,0.251,-0.285,2
-0.117,1.969,0.052,2.13,-0.488,-0.124,-1
0.195,2.269,-0.114,0.365,0.096,-0.145,-1
0.198,2.328,0.049,-0.623,-0.107,0.065,-1
0.17,-1.376,0.097,-1.423,0.049,-0.079,-1
0.349,2.079,0.072,-0.497,0.27,-0.016,-1
-0.0,4.064,0.014,1.687,-0.535,0.188,-1
0.023,-0.93,-0.091,0.272,-0.262,-0.014,0
0.576,0.247,0.023,-0.821,-0.198,-0.075,-1
-0.268,-2.456,-0.028,2.959,-0.161,0.014,-1
-0.119,2.816,0.003,3.679,-0.379,-0.059,-1
0.227,3.055,-0.124,3.96,0.15,0.181,-1
0.25,3.229,0.035,0.896,0.156,-0.009,-1
0.143,2.95,0.047,-1.429,0.056,-0.009,-1
-0.105,2.735,-0.041,0.823,-0.45,0.018,-1
-0.17,0.925,0.011,-0.042,-0.12,0.025,-1
0.5,3.284,0.014,1.002,0.038,0.031,-1
-0.102,-1.787,-0.157,1.446,0.114,-0.049,-1
-0.036,4.894,-0.125,-1.685,-0.175,-0.178,-1
-0.422,4.593,0.077,1.268,-0.209,-0.059,-1
0.499,-0.577,-0.112,0.854,-0.019,0.08,-1
-0.062,0.337,-0.116,0.706,0.292,-0.239,-1
-0.018,-1.148,0.068,-1.049,0.175,0.024,-1
0.015,1.843,0.021,0.322,-0.199,-0.04,-1
-0.029,2.187,0.022,2.253,0.248,0.059,-1
-0.404,1.262,0.141,1.24,-0.332,-0.156,-1
0.097,4.418,-0.172,1.3,-0.113,0.019,-1
0.534,0.408,-0.038,-0.452,0.07,0.074,-1
-0.015,1.67,0.082,2.319,-0.029,0.092,-1
-0.271,1.141,-0.151,-0.398,0.158,-0.042,-1
0.078,2.118,-0.049,1.595,-0.022,-0.018,-1
0.157,3.221,-0.02,1.464,0.257,-0.009,-1
0.03,0.958,0.091,0.358,-0.001,-0.001,-1
0.091,0.348,0.171,0.915,0.07,-0.215,-1
-0.362,0.073,0.072,-0.688,-0.04,-0.119,-1
0.638,0.982,0.073,1.136,-0.052,0.099,-1
-0.095,1.455,0.001,1.961,-0.366,0.071,-1
-0.16,2.296,0.112,0.566,-0.389,-0.07,-1
0.204,0.115,0.225,-0.036,0.28,0.037,-1
-0.623,-1.311,0.026,-1.474,-0.498,-0.176,-1
0.098,4.001,-0.062,-0.876,-0.342,-0.046,-1
-0.692,1.97,0.169,1.59,-0.113,-0.04,-1
-0.066,-4.476,-0.047,2.184,0.715,-0.011,-1
0.671,-5.541,-0.055,4.366,-0.002,-0.113,-1
-0.328,3.916,0.029,-1.197,-0.116,0.046,-1
-0.619,-1.44,-0.172,2.515,-0.019,-0.012,-1
-0.114,0.313,-0.125,-0.543,0.003,-0.031,-1
0.168,-0.691,-0.079,0.977,0.178,0.013,-1
-0.195,-0.862,-0.079,-0.481,0.406,0.003,-1
-0.29,0.67,0.085,0.788,0.234,-0.125,-1
0.361,1.353,0.009,0.158,0.169,0.035,-1
-0.754,-2.898,-0.078,1.881,0.238,-0.03,-1
-0.253,2.066,-0.06,0.497,-0.2,-0.055,-1
-0.327,-0.252,-0.22,1.599,-0.011,0.021,-1
0.643,3.086,-0.16,3.478,0.006,-0.067,-1
-0.453,0.384,0.023,1.572,-0.15,-0.076,-1
-0.156,-0.746,-0.108,-1.059,-0.096,-0.001,-1
0.105,-0.482,0.057,-0.54,-0.064,-0.098,-1
-0.201,0.707,0.039,1.068,0.142,-0.012,-1
0.279,1.152,-0.09,0.499,-0.103,0.081,-1
0.303,-3.17,-0.05,2.522,-0.098,0.023,-1
0.272,2.601,-0.05,2.013,-0.248,-0.027,-1
-0.41,-0.63,0.159,0.907,-0.032,-0.17,-1
-0.109,-0.191,-0.025,-0.647,0.265,-0.031,-1
0.491,-0.193,0.068,0.789,0.242,-0.187,-1
-0.243,0.954,0.101,0.062,-0.245,-0.161,-1
-0.314,1.342,0.16,0.171,0.166,0.002,-1
0.002,0.873,0.077,0.893,0.023,-0.059,-1
-0.163,-0.852,0.023,1.223,-0.181,0.194,-1
-0.182,-0.013,-0.019,0.937,-0.07,-0.038,-1
0.045,-0.769,0.011,0.491,0.072,0.026,-1
-0.273,-0.446,0.194,0.51,0.157,-0.023,-1
0.149,-0.336,-0.113,-0.627,0.099,-0.138,1
-0.19,3.058,0.1,0.739,0.267,0.094,-1
-0.407,3.803,-0.028,1.257,-0.067,-0.0,-1
-0.158,-2.743,-0.075,2.452,-0.039,0.053,-1
0.02,-1.595,0.059,-0.512,0.35,0.134,-1
0.331,2.966,0.044,-0.347,0.539,-0.273,-1
-0.081,3.047,0.098,0.661,0.026,-0.043,-1
-0.126,1.139,0.162,-0.094,-0.013,0.025,-1
-0.232,-2.879,0.105,2.865,-0.167,0.024,-1
-0.092,4.199,-0.039,-1.811,0.241,-0.03,-1
-0.076,2.207,0.035,2.692,-0.391,0.056,-1
-0.725,0.931,0.112,1.804,0.079,0.106,-1
-0.171,0.363,-0.279,0.001,0.007,-0.026,-1
0.374,-2.474,0.049,1.915,-0.373,0.067,-1
-0.05,-4.445,-0.193,-2.299,0.21,0.134,-1
0.447,2.017,0.129,0.265,-0.062,0.003,-1
-0.355,7.577,-0.151,-2.995,-0.143,-0.111,-1
-0.712,0.82,-0.126,-0.099,0.425,0.02,-1
0.759,-1.739,-0.128,-0.673,-0.016,0.272,0
-0.632,3.185,-0.07,0.998,-0.302,0.088,-1
-0.017,2.101,0.018,0.197,0.263,-0.201,-1
-0.711,-0.508,-0.09,1.552,-0.041,0.125,-1
-0.216,1.824,0.047,1.695,-0.112,-0.038,-1
-0.113,1.134,-0.008,0.934,0.139,0.009,-1
0.508,1.652,-0.056,0.124,0.174,-0.177,-1
-0.272,2.683,0.041,1.078,0.024,-0.248,-1
-0.628,-2.708,-0.05,1.18,-0.113,0.153,-1
-0.872,-0.237,0.083,0.643,0.189,0.093,-1
-0.23,-0.487,-0.203,0.515,-0.187,0.116,-1
-0.109,-4.591,-0.119,2.442,-0.005,-0.078,-1
0.047,4.063,-0.039,1.628,0.285,-0.189,-1
-0.243,0.854,-0.07,2.266,-0.182,-0.045,-1
-0.216,3.849,0.02,1.278,0.602,0.174,-1
-0.753,3.274,0.243,3.408,0.501,-0.043,-1
-0.089,1.873,-0.009,0.458,0.378,0.076,-1
0.054,3.695,0.088,1.208,0.475,0.064,-1
-0.081,-0.503,-0.138,0.791,0.418,0.009,-1
-0.673,0.138,-0.162,-0.772,0.486,0.206,-1
-0.426,-5.279,-0.128,3.757,0.393,0.108,-1
0.307,-0.332,0.126,1.607,0.097,-0.012,-1
0.121,-1.944,-0.054,2.021,-0.239,-0.093,-1
-0.071,2.363,-0.062,0.442,0.07,0.138,-1
-0.004,3.905,-0.093,-3.015,0.286,0.104,-1
0.368,2.703,0.044,0.539,0.059,-0.042,-1
0.032,2.101,0.063,2.177,0.505,-0.121,0
0.287,1.973,0.0,2.071,0.245,0.065,-1
0.317,2.885,-0.032,0.938,0.104,-0.201,-1
0.332,1.076,0.048,-0.259,-0.039,0.071,-1
-0.098,-2.973,-0.017,2.62,0.405,-0.033,-1
-0.031,-0.997,-0.001,-0.63,-0.261,0.125,-1
0.414,0.382,-0.007,0.59,-0.005,0.086,-1
-0.528,-3.789,-0.016,3.505,-0.318,0.07,-1
0.391,-3.546,-0.115,2.806,0.119,-0.06,-1
-0.051,-4.677,0.198,3.562,0.276,0.049,-1
-0.016,-4.459,-0.073,4.206,-0.242,-0.112,-1
0.793,-4.458,0.147,2.956,-0.3,-0.098,-1
-0.16,3.905,-0.015,0.97,0.021,0.018,-1
0.267,1.303,-0.036,-0.075,0.016,-0.153,1
0.678,1.077,0.062,0.391,-0.065,-0.046,-1
0.46,-4.961,0.167,3.863,-0.099,-0.06,-1
0.103,3.21,-0.128,1.356,-0.148,-0.111,-1
0.226,-2.824,-0.034,-1.261,-0.189,0.15,-1
0.214,1.405,0.198,0.208,0.289,0.015,-1
0.142,3.703,0.085,1.379,0.128,0.046,-1
0.081,8.513,0.021,-4.474,-0.071,0.121,-1
-0.235,0.258,0.328,0.561,0.136,0.06,-1
0.535,1.503,0.082,1.188,0.236,-0.024,-1
0.255,2.087,0.063,1.748,-0.066,-0.171,-1
0.241,0.745,-0.077,1.288,-0.215,-0.303,-1
0.195,-0.004,-0.087,0.995,-0.342,-0.049,-1
-0.534,-1.742,-0.123,2.155,0.279,0.078,-1
-0.031,0.368,0.016,1.229,0.048,-0.172,-1
0.307,0.817,0.221,0.896,0.136,-0.012,-1
-0.277,2.889,-0.023,1.25,0.096,0.041,-1
0.226,-0.323,-0.102,0.291,0.251,-0.095,-1
-0.312,2.067,-0.025,2.596,-0.112,-0.233,-1
-0.367,-0.228,-0.054,0.605,-0.242,0.036,-1
0.129,1.58,-0.069,1.832,0.088,0.084,-1
0.49,0.073,0.137,-0.801,0.006,0.089,-1
-0.206,-2.158,0.07,-0.851,-0.086,0.062,-1
0.314,-0.592,0.002,-0.097,-0.03,-0.037,-1
0.187,3.036,-0.042,1.146,0.134,-0.009,-1
0.033,-0.59,0.04,0.523,-0.044,0.065,-1
-0.331,-2.804,-0.153,-1.792,0.038,-0.122,-1
-0.305,0.36,0.092,0.776,-0.032,-0.136,-1
0.091,1.134,-0.162,-0.793,0.147,0.015,-1
-0.207,1.873,0.098,2.288,-0.045,0.059,-1
-0.103,0.926,0.203,-0.225,-0.3,0.037,-1
-0.488,-3.428,-0.205,2.471,-0.008,-0.052,2
0.528,2.249,0.193,0.565,0.284,0.031,-1
0.079,1.528,-0.226,0.454,0.277,-0.153,-1
-0.004,5.926,-0.036,-2.939,-0.034,-0.053,-1
0.475,0.19,-0.072,1.312,-0.274,0.015,-1
-0.195,0.992,-0.173,1.626,0.012,0.147,0
0.144,2.968,-0.149,1.359,-0.01,-0.236,-1
-0.461,3.581,-0.026,1.179,-0.147,0.051,-1
0.047,1.817,0.064,2.975,-0.349,-0.003,-1
0.338,6.21,0.037,5.097,0.101,0.081,-1
0.044,-0.757,-0.025,1.256,-0.042,-0.068,-1
-0.256,1.491,0.095,1.256,-0.26,-0.036,-1
-0.243,4.628,-0.124,1.647,-0.011,-0.034,-1
-0.005,1.191,-0.203,0.413,-0.077,-0.095,-1
0.417,3.148,0.244,-0.033,-0.154,-0.091,-1
-0.188,0.193,0.011,-0.094,0.155,0.009,-1
0.202,4.619,0.025,-1.03,-0.207,-0.089,-1
0.271,-2.162,-0.023,-0.52,-0.21,0.154,-1
-0.128,-2.337,0.06,-0.957,0.003,-0.077,-1
0.038,1.858,0.022,0.603,-0.424,-0.041,-1
-0.332,-0.16,-0.205,-0.115,-0.058,0.115,-1
-0.579,1.964,0.022,0.264,0.137,0.063,-1
0.266,-0.342,-0.057,1.152,-0.492,-0.068,-1
-0.506,2.696,-0.042,2.166,-0.026,-0.155,-1
-0.57,-1.067,-0.077,0.502,0.225,0.076,-1
0.683,-1.452,-0.064,-0.79,-0.135,-0.053,-1
-0.077,1.071,0.07,0.944,0.386,0.09,-1
-0.43,0.036,0.101,-0.522,-0.047,0.055,-1
-0.008,1.553,-0.073,-0.378,-0.217,-0.081,-1
0.286,-1.165,0.058,-0.135,0.132,-0.066,-1
-0.386,-9.13,0.136,4.787,0.528,-0.206,2
-0.588,-5.663,0.158,3.524,0.017,0.071,-1
-0.087,-0.125,0.001,1.372,-0.083,0.001,-1
0.039,2.03,0.075,0.191,-0.253,0.18,-1
-0.132,-1.806,0.064,-0.264,0.163,0.083,-1
-0.381,3.916,-0.053,-2.022,0.191,0.163,-1
-0.82,3.13,0.13,1.233,0.193,0.113,-1
-0.011,2.608,-0.012,-0.745,0.369,0.021,-1
-0.371,1.226,0.082,-0.181,0.082,0.03,-1
-0.242,-0.966,0.111,-1.294,0.29,-0.176,-1
0.843,0.473,0.107,0.589,-0.198,-0.004,-1
-0.726,2.524,0.019,3.085,0.181,0.004,0
0.231,2.065,-0.055,0.044,-0.413,0.012,-1
0.172,2.374,0.142,1.025,-0.505,0.149,-1
-0.75,1.473,0.072,2.13,-0.125,0.05,0
0.398,0.952,0.098,0.838,0.07,-0.054,-1
0.355,1.213,-0.102,2.412,0.197,0.011,-1
0.413,0.508,-0.1,1.229,-0.403,-0.05,-1
0.106,0.433,0.065,0.496,-0.028,-0.087,-1
-0.083,1.977,-0.007,-0.444,0.188,0.037,-1
-0.48,3.647,-0.081,1.386,0.021,-0.176,-1
0.224,1.131,-0.103,-0.01,-0.165,-0.051,-1
0.484,2.533,0.076,1.942,0.115,-0.144,-1
-0.23,1.226,-0.049,1.125,0.41,0.052,-1
0.113,9.166,-0.009,-3.779,-0.015,-0.136,2
-0.538,1.188,-0.161,0.249,-0.455,0.063,-1
-0.079,2.507,-0.033,0.755,-0.045,0.016,-1
-0.05,1.132,-0.056,1.34,-0.24,-0.052,0
-0.199,0.094,0.126,1.278,0.107,0.03,-1
0.116,-0.704,0.004,-0.852,-0.089,-0.024,-1
-0.285,1.08,0.03,-0.263,0.072,0.074,-1
0.289,0.171,0.053,0.898,-0.092,-0.05,-1
0.582,2.824,-0.133,2.027,0.218,-0.009,-1
0.262,2.574,-0.27,0.362,0.036,0.153,-1
-0.428,-4.156,0.009,2.452,-0.132,-0.042,-1
0.5,1.358,0.002,0.497,0.122,0.115,-1
-0.327,0.621,-0.066,0.545,0.014,0.032,-1
0.75,-0.629,-0.051,-0.658,0.361,0.078,-1
0.567,0.947,-0.071,0.181,-0.096,-0.106,-1
0.112,1.176,0.134,-0.144,-0.227,0.081,-1
0.07,0.799,0.126,-0.179,-0.175,-0.085,-1
-0.765,0.235,-0.052,1.999,-0.219,-0.002,-1
-0.303,0.933,0.046,0.21,-0.087,0.019,-1
-0.011,-2.635,0.032,2.066,0.147,-0.132,-1
-0.212,-0.473,0.087,0.89,-0.116,0.006,-1
0.304,-1.557,0.164,1.363,0.163,0.067,-1
0.438,-1.216,0.089,2.482,-0.192,-0.095,-1
-0.548,1.988,0.031,0.146,0.048,0.123,-1
-0.197,1.817,0.076,-0.68,-0.053,-0.101,-1
-0.01,0.462,0.126,-0.288,0.01,-0.114,-1
-0.266,1.725,0.193,2.423,0.219,0.116,-1
-0.889,1.682,0.148,2.351,0.288,-0.002,-1
-0.023,2.471,0.034,2.547,-0.063,0.037,-1
0.067,0.995,-0.072,0.38,0.03,-0.158,-1
-0.202,0.404,-0.091,1.846,0.147,-0.063,-1
0.086,-0.675,-0.078,0.221,0.208,0.015,-1
0.209,0.543,0.043,0.277,0.065,-0.062,2
0.688,1.162,-0.06,0.501,0.022,-0.172,-1
0.328,-0.096,0.142,1.253,0.345,0.042,-1
0.37,3.713,0.035,-1.142,-0.03,-0.148,-1
-0.434,1.825,0.066,2.248,0.008,-0.017,-1
0.411,-3.523,0.025,2.981,0.276,0.122,-1
-0.014,2.685,-0.162,0.587,-0.52,-0.091,-1
0.136,1.512,0.232,1.724,-0.108,0.106,-1
-0.732,-0.823,0.066,1.104,-0.041,-0.094,0
0.091,2.566,0.007,0.647,-0.044,0.202,-1
-0.161,4.45,-0.02,1.31,0.112,0.026,-1
0.106,-0.014,0.01,-0.569,-0.435,0.263,-1
0.277,0.903,0.023,1.922,-0.119,-0.148,-1
-0.019,2.266,0.039,2.157,-0.198,0.016,-1
-0.334,0.758,-0.069,0.589,-0.435,-0.1,-1
-0.421,-0.053,0.056,0.51,-0.122,-0.28,-1
0.015,-4.071,0.268,2.872,-0.16,0.032,2
-0.097,-2.82,-0.081,2.446,0.21,0.031,-1
0.441,-3.241,0.126,2.961,-0.39,0.128,-1
0.003,1.393,0.01,0.279,-0.319,-0.003,-1
0.517,2.778,0.068,1.188,-0.243,0.086,-1
-0.119,1.267,0.21,2.255,-0.153,0.006,-1
0.014,-0.413,0.004,-0.841,-0.311,-0.003,-1
-0.29,1.734,-0.047,0.18,0.415,0.142,-1
0.153,2.238,-0.068,2.156,0.072,-0.014,-1
0.206,0.557,-0.015,-0.614,-0.317,0.025,-1
0.824,1.845,0.11,0.048,-0.114,0.091,-1
-0.097,1.598,0.023,0.496,0.215,-0.006,-1
-0.528,1.952,-0.312,0.561,0.313,-0.105,-1
0.223,3.968,-0.075,1.525,-0.065,0.201,-1
-0.622,1.892,-0.015,0.161,0.172,0.34,-1
0.173,2.012,-0.11,2.415,0.281,-0.055,-1
0.99,-1.689,0.034,1.335,0.097,-0.069,-1
-0.666,6.42,-0.002,-3.661,-0.309,-0.075,-1
0.394,5.713,0.017,-3.026,-0.272,-0.08,-1
0.118,2.068,0.011,3.288,-0.396,0.074,-1
0.39,0.54,-0.152,0.835,0.442,0.011,-1
-0.231,-2.042,-0.191,1.604,0.48,-0.078,-1
0.906,-2.152,0.167,2.266,0.073,0.184,-1
0.297,7.762,-0.194,-3.846,0.11,0.147,-1
0.049,-1.244,-0.184,0.24,0.031,-0.086,-1
-0.366,1.528,0.145,2.111,0.069,0.019,-1
0.209,2.667,-0.041,3.176,-0.054,-0.119,-1
0.548,-3.17,0.152,-1.816,-0.233,0.002,-1
-0.163,3.48,0.079,-1.438,0.179,-0.011,-1
0.669,1.518,-0.048,1.929,0.174,-0.026,-1
-0.129,0.233,-0.001,0.156,0.336,0.253,-1
-0.2,-0.75,0.007,-0.021,0.09,-0.049,-1
-0.481,0.043,0.061,1.216,0.105,0.183,-1
-0.299,0.911,-0.139,0.94,0.148,-0.111,-1
-0.071,0.763,0.059,0.233,0.09,0.056,-1
0.041,4.194,-0.059,1.873,-0.28,-0.16,-1
0.297,-0.566,-0.046,-1.048,0.199,-0.151,-1
0.377,-3.884,-0.146,3.157,0.637,0.119,-1
-0.315,2.7,-0.142,-0.666,-0.016,0.055,-1
0.308,0.356,0.049,1.747,-0.015,0.097,-1
0.168,1.194,0.033,-0.174,-0.472,0.115,-1
-0.042,-1.002,-0.231,0.116,-0.278,0.254,-1
0.805,4.04,0.082,-1.331,-0.153,-0.062,-1
0.17,2.538,-0.12,-0.239,-0.049,-0.182,-1
-0.165,2.334,-0.04,1.857,0.195,-0.093,-1
0.081,0.45,0.176,0.227,-0.275,-0.047,-1
-0.467,-2.529,0.177,2.946,0.49,0.048,-1
0.054,4.017,0.027,0.988,0.187,-0.112,-1
0.02,0.352,0.034,0.735,-0.389,-0.134,-1
-0.492,1.029,-0.14,0.017,0.105,0.06,-1
-0.604,2.859,0.065,-1.308,-0.37,-0.008,-1
-0.177,2.194,-0.071,0.22,-0.624,0.143,-1
0.379,0.142,-0.014,1.206,-0.01,-0.028,-1
0.433,-1.462,-0.097,-1.27,-0.261,0.05,-1
-0.296,-0.1,-0.01,0.471,0.391,-0.073,-1
0.26,0.631,0.12,-0.393,-0.063,-0.219,-1
-0.261,-0.782,-0.059,0.214,-0.146,-0.063,-1
0.296,-0.223,0.085,1.328,0.248,0.096,0
0.437,-1.381,0.103,1.288,-0.038,-0.018,-1
-0.379,2.454,0.122,2.847,-0.065,-0.073,-1
-0.098,2.333,0.128,2.8,0.411,0.114,-1
-0.18,5.918,0.052,-2.092,0.226,0.019,-1
-0.363,1.909,-0.024,1.894,0.094,-0.073,-1
-0.174,4.294,-0.155,3.829,-0.076,-0.088,-1
0.018,-1.128,0.008,0.266,0.073,0.079,-1
0.443,7.066,0.11,-3.069,-0.168,-0.039,-1
0.101,3.453,0.0,2.668,0.347,-0.143,-1
-0.254,6.171,0.177,2.7,0.06,-0.029,-1
0.208,-0.796,-0.075,-0.785,-0.208,0.001,-1
